1,69.24,68.66,69.24,68.05,10473200,2017-01-03
1,68.66,69.06,69.63,68.60,7918000,2017-01-04
1,68.43,69.21,69.33,68.12,7099200,2017-01-05
1,68.41,68.26,68.50,68.01,9491100,2017-01-06
1,68.33,68.71,68.80,68.32,8685200,2017-01-09
1,68.64,68.23,69.27,68.22,10256500,2017-01-10
1,68.20,68.53,68.62,68.19,6697600,2017-01-11
1,68.36,67.97,68.56,67.92,6544900,2017-01-12
1,67.98,67.13,68.02,67.08,10012500,2017-01-13
1,68.10,68.42,69.29,68.06,13167500,2017-01-17
1,67.88,68.11,68.11,67.54,7321500,2017-01-18
1,68.13,67.62,68.19,67.48,6821100,2017-01-19
1,67.74,67.18,67.83,67.02,12054700,2017-01-20
1,67.01,66.65,67.18,66.56,7951400,2017-01-23
1,66.89,67.40,67.41,66.66,10710600,2017-01-24
1,67.52,66.89,67.73,66.79,8722900,2017-01-25
1,67.13,66.73,67.22,66.62,6504100,2017-01-26
1,66.86,65.66,66.97,65.28,13433600,2017-01-27
1,65.63,66.42,66.48,65.63,8641500,2017-01-30
1,66.21,66.74,66.89,65.88,9320900,2017-01-31
1,66.46,66.23,66.71,66.04,9050000,2017-02-01
1,66.34,66.70,67.14,66.34,8998700,2017-02-02
1,66.82,66.50,66.93,66.44,7625300,2017-02-03
1,66.37,66.40,66.86,66.37,9097200,2017-02-06
1,66.56,66.89,67.00,66.51,5805700,2017-02-07
1,66.89,67.81,67.82,66.89,7660800,2017-02-08
1,67.81,69.08,69.14,67.75,11080500,2017-02-09
1,68.25,68.02,68.60,67.76,12445600,2017-02-10
1,68.32,67.77,68.65,67.56,8374300,2017-02-13
1,67.88,68.66,68.68,67.71,8462300,2017-02-14
1,67.80,68.69,68.71,67.76,8563300,2017-02-15
1,68.67,68.87,69.24,68.61,8413800,2017-02-16
1,68.83,69.37,69.79,68.69,12837400,2017-02-17
1,71.21,71.45,72.28,70.70,22412900,2017-02-21
1,72.25,71.71,72.37,71.48,15242700,2017-02-22
1,72.00,71.31,72.50,71.16,12799700,2017-02-23
1,71.34,72.39,72.80,71.30,13889900,2017-02-24
1,72.28,71.74,72.42,71.53,9254700,2017-02-27
1,70.87,70.93,71.00,70.00,15952600,2017-02-28
1,70.97,70.45,71.08,70.15,13522700,2017-03-01
1,70.42,70.76,70.90,70.17,8916300,2017-03-02
1,70.76,70.03,71.02,69.88,9297900,2017-03-03
1,70.00,69.88,70.44,69.78,9182600,2017-03-06
1,69.90,69.87,70.21,69.86,7282900,2017-03-07
1,69.69,69.80,70.03,69.54,7979800,2017-03-08
1,69.75,69.86,70.04,69.56,7564500,2017-03-09
1,70.00,70.10,70.36,69.80,7098800,2017-03-10
1,69.99,69.95,70.45,69.71,6802500,2017-03-13
1,70.82,70.72,71.21,70.72,9958400,2017-03-14
1,70.50,70.58,70.70,70.02,8813800,2017-03-15
1,70.11,70.44,70.70,70.07,7061000,2017-03-16
1,70.58,69.89,70.75,69.81,14078400,2017-03-17
1,70.14,69.98,70.45,69.71,7466200,2017-03-20
1,70.17,69.90,70.40,69.69,8746800,2017-03-21
1,70.03,70.25,70.34,69.72,6455600,2017-03-22
1,70.20,69.86,70.31,69.75,6898800,2017-03-23
1,69.99,69.61,70.17,69.53,5859000,2017-03-24
1,69.52,69.66,70.07,69.36,5792600,2017-03-27
1,69.33,70.32,70.37,69.33,7252200,2017-03-28
1,70.35,70.74,71.18,70.31,6991000,2017-03-29
1,70.69,71.59,71.72,70.64,8141500,2017-03-30
1,71.32,72.08,72.56,71.23,9939800,2017-03-31
1,72.08,71.83,72.53,71.78,8291300,2017-04-03
1,71.74,72.01,72.06,71.53,5567300,2017-04-04
1,71.64,71.65,72.31,71.56,6354500,2017-04-05
1,71.70,71.43,72.10,71.38,5941100,2017-04-06
1,72.10,72.90,72.99,71.80,10768000,2017-04-07
1,72.99,73.06,73.48,72.73,7495900,2017-04-10
1,73.00,73.43,73.45,72.93,5810500,2017-04-11
1,73.55,73.44,73.83,73.25,6627300,2017-04-12
1,73.37,73.15,73.66,73.15,5336400,2017-04-13
1,73.16,73.49,73.58,73.15,5465400,2017-04-17
1,73.54,73.89,74.10,73.48,6627900,2017-04-18
1,74.10,74.07,74.38,73.86,5940600,2017-04-19
1,74.14,74.80,75.11,74.11,7681300,2017-04-20
1,74.74,74.94,75.11,74.60,5755700,2017-04-21
1,75.08,74.78,75.40,74.42,7812500,2017-04-24
1,74.97,75.05,75.17,74.86,5720400,2017-04-25
1,75.27,75.43,75.77,75.17,6948500,2017-04-26
1,75.54,75.44,75.70,75.02,6052200,2017-04-27
1,75.24,75.18,75.44,74.93,7330400,2017-04-28
1,75.09,75.23,75.72,75.09,6165900,2017-05-01
1,75.30,75.52,75.71,75.25,7318400,2017-05-02
1,75.40,75.76,75.88,75.18,5523600,2017-05-03
1,75.93,76.34,76.40,75.83,5500800,2017-05-04
1,76.42,76.50,76.60,76.18,5597800,2017-05-05
1,76.50,76.12,76.52,76.07,6512200,2017-05-08
1,76.44,76.72,77.05,76.33,8255300,2017-05-09
1,76.33,76.70,76.78,76.19,7511900,2017-05-10
1,76.35,76.13,76.72,75.93,8349400,2017-05-11
1,75.95,75.71,76.25,75.37,5892900,2017-05-12
1,75.80,76.29,76.47,75.80,8843900,2017-05-15
1,76.19,75.11,76.27,75.08,8371800,2017-05-16
1,75.11,75.12,75.73,74.96,10971000,2017-05-17
1,76.89,77.54,77.66,76.13,19166800,2017-05-18
1,77.97,78.77,79.44,77.77,18581700,2017-05-19
1,78.65,78.55,79.00,78.30,8897600,2017-05-22
1,78.58,78.49,78.97,78.44,7584900,2017-05-23
1,78.56,78.15,78.61,78.14,7427000,2017-05-24
1,78.36,78.31,78.85,78.15,6135000,2017-05-25
1,78.37,78.13,78.54,77.79,6125800,2017-05-26
1,78.00,78.15,78.40,77.93,5410400,2017-05-30
1,78.35,78.60,78.92,78.22,8201700,2017-05-31
1,78.64,79.81,79.81,78.60,8153100,2017-06-01
1,79.80,79.62,79.93,79.22,7996500,2017-06-02
1,79.60,80.26,80.47,79.48,10145700,2017-06-05
1,79.43,78.93,79.56,78.26,11525900,2017-06-06
1,79.08,79.15,79.50,78.73,8511200,2017-06-07
1,79.15,78.93,80.13,78.23,10933000,2017-06-08
1,79.03,79.42,79.56,78.72,9405100,2017-06-09
1,79.40,79.24,80.37,78.84,10410600,2017-06-12
1,79.21,79.52,79.57,78.89,5528000,2017-06-13
1,79.52,79.90,80.04,79.26,5006500,2017-06-14
1,79.18,78.91,79.30,77.76,11297200,2017-06-15
1,73.95,75.24,75.50,73.29,56233000,2017-06-16
1,75.38,75.50,76.01,74.52,16095100,2017-06-19
1,75.88,75.54,75.92,75.32,10019200,2017-06-20
1,75.60,76.24,76.61,75.58,9011400,2017-06-21
1,76.03,75.52,76.06,75.30,8111300,2017-06-22
1,75.60,74.84,75.78,74.55,13080300,2017-06-23
1,74.95,75.50,75.93,74.92,8587500,2017-06-26
1,75.50,76.01,76.37,75.45,6454400,2017-06-27
1,76.25,76.51,76.80,76.14,6988900,2017-06-28
1,76.25,75.93,76.32,75.49,7063500,2017-06-29
1,76.08,75.68,76.27,75.67,6963300,2017-06-30
1,75.84,75.36,76.34,75.08,4848600,2017-07-03
1,75.55,75.32,75.95,75.17,6036900,2017-07-05
1,75.35,75.47,75.97,75.24,6161800,2017-07-06
1,75.65,75.33,75.82,75.05,5307100,2017-07-07
1,75.15,73.23,75.31,73.13,15066700,2017-07-10
1,73.38,73.47,74.05,73.33,7532600,2017-07-11
1,73.66,73.94,74.21,73.66,5700200,2017-07-12
1,74.67,75.05,75.25,74.51,8160500,2017-07-13
1,76.27,76.34,76.56,75.91,9151900,2017-07-14
1,76.29,76.37,76.87,76.19,8835600,2017-07-17
1,76.25,76.20,76.54,76.00,4314900,2017-07-18
1,76.08,75.87,76.22,75.60,5313600,2017-07-19
1,75.98,76.02,76.25,75.70,4965400,2017-07-20
1,75.84,76.15,76.23,75.55,7153300,2017-07-21
1,76.03,76.89,77.16,76.03,7388000,2017-07-24
1,77.61,78.52,78.86,77.39,11504000,2017-07-25
1,78.55,78.90,79.17,77.94,6716100,2017-07-26
1,78.72,79.78,79.86,78.48,8052500,2017-07-27
1,79.80,79.81,79.96,79.54,4975200,2017-07-28
1,79.82,79.99,80.34,79.69,6263200,2017-07-31
1,80.25,80.50,80.73,80.00,5726500,2017-08-01
1,80.34,80.53,81.11,80.30,8673000,2017-08-02
1,81.34,80.87,81.76,80.67,9946900,2017-08-03
1,81.06,80.48,81.40,80.21,7141800,2017-08-04
1,80.57,81.28,81.45,80.54,5484500,2017-08-07
1,81.17,81.59,81.86,80.90,7381400,2017-08-08
1,81.11,81.61,81.99,80.90,6606500,2017-08-09
1,81.07,80.66,81.40,80.55,8045000,2017-08-10
1,80.73,80.40,81.25,80.36,7905500,2017-08-11
1,80.59,80.70,81.24,80.50,7792000,2017-08-14
1,80.83,80.77,81.40,80.54,7066100,2017-08-15
1,81.27,80.98,81.44,80.54,11536000,2017-08-16
1,78.85,79.70,79.81,78.33,17293700,2017-08-17
1,79.62,79.31,80.35,79.28,9753000,2017-08-18
1,79.12,79.71,80.07,78.79,9613900,2017-08-21
1,79.80,80.02,80.16,79.71,6546100,2017-08-22
1,80.35,79.96,80.56,79.88,7799300,2017-08-23
1,80.61,78.34,80.88,77.85,19128000,2017-08-24
1,78.50,78.63,79.09,78.48,9902200,2017-08-25
1,78.41,78.03,78.46,77.86,8621500,2017-08-28
1,77.67,78.77,78.98,77.50,7665200,2017-08-29
1,78.82,78.54,79.10,78.52,5829800,2017-08-30
1,78.60,78.07,78.75,78.06,8194800,2017-08-31
1,78.31,78.37,78.50,78.21,6474400,2017-09-01
1,77.95,79.80,79.89,77.90,12068500,2017-09-05
1,79.88,80.08,80.40,79.72,8426100,2017-09-06
1,80.32,80.12,80.76,80.00,6820800,2017-09-07
1,79.74,78.88,79.88,77.73,9999600,2017-09-08
1,79.15,79.08,79.35,78.66,7000200,2017-09-11
1,79.30,79.61,79.91,79.17,6005000,2017-09-12
1,79.61,79.86,80.68,79.59,8823700,2017-09-13
1,79.79,79.68,79.82,79.22,6939300,2017-09-14
1,79.81,80.38,80.75,79.27,13317800,2017-09-15
1,80.21,80.00,81.12,79.95,8176100,2017-09-18
1,80.18,80.05,80.46,79.70,6174400,2017-09-19
1,80.17,80.50,80.56,79.87,5318200,2017-09-20
1,80.57,80.01,80.57,79.72,6430300,2017-09-21
1,79.89,79.53,80.08,79.25,5755300,2017-09-22
1,78.92,79.15,80.10,78.86,8547800,2017-09-25
1,79.04,79.39,79.54,78.92,5835300,2017-09-26
1,79.42,79.29,79.57,78.67,6314600,2017-09-27
1,79.00,78.95,79.08,78.12,12372800,2017-09-28
1,78.85,78.14,79.00,77.98,10353400,2017-09-29
1,77.90,78.45,78.83,77.50,7709200,2017-10-02
1,78.83,79.22,79.66,78.75,7936700,2017-10-03
1,79.27,79.09,79.78,79.07,6173400,2017-10-04
1,79.17,79.41,79.81,79.08,5138700,2017-10-05
1,78.78,79.00,79.17,78.25,6246700,2017-10-06
1,79.50,80.53,81.38,79.40,13493000,2017-10-09
1,82.68,84.13,84.88,82.61,25124000,2017-10-10
1,84.58,85.73,86.29,84.10,18561000,2017-10-11
1,85.70,86.10,86.37,85.06,12877000,2017-10-12
1,86.24,86.62,86.95,86.24,9389000,2017-10-13
1,86.58,85.74,86.62,85.02,9300300,2017-10-16
1,85.50,85.98,86.36,85.32,5851500,2017-10-17
1,86.15,86.22,86.37,86.01,5472100,2017-10-18
1,86.15,86.40,86.66,85.77,7029000,2017-10-19
1,86.60,87.44,87.45,86.28,7617800,2017-10-20
1,87.34,88.65,88.92,87.26,10586000,2017-10-23
1,88.69,87.98,88.80,87.91,7700900,2017-10-24
1,87.85,88.48,88.60,87.43,6408000,2017-10-25
1,88.66,88.62,89.11,88.02,6484900,2017-10-26
1,88.14,88.17,88.39,87.15,6617000,2017-10-27
1,87.94,86.95,87.95,86.39,7052000,2017-10-30
1,86.86,87.31,87.46,86.60,6006900,2017-10-31
1,87.07,87.94,88.40,87.00,6176100,2017-11-01
1,88.28,88.80,89.17,87.80,5183100,2017-11-02
1,89.02,89.68,89.88,88.76,6512100,2017-11-03
1,89.42,88.70,89.68,88.68,5257400,2017-11-06
1,88.87,88.95,89.06,88.31,5349300,2017-11-07
1,89.11,90.26,90.42,89.10,6767500,2017-11-08
1,89.94,90.30,90.57,89.35,6904500,2017-11-09
1,90.24,90.92,91.69,90.20,7647800,2017-11-10
1,91.04,90.99,91.98,90.87,8491600,2017-11-13
1,90.70,91.09,91.20,90.18,9834100,2017-11-14
1,90.34,89.83,90.85,89.65,8433400,2017-11-15
1,95.12,99.62,99.68,94.72,38122400,2017-11-16
1,99.24,97.47,100.13,96.58,23575500,2017-11-17
1,96.44,97.48,97.64,95.76,16394300,2017-11-20
1,97.74,96.52,97.92,96.32,12746500,2017-11-21
1,96.65,96.41,96.81,96.11,8918200,2017-11-22
1,96.87,96.62,97.23,96.53,4496100,2017-11-24
1,96.85,96.62,97.65,96.30,8904900,2017-11-27
1,96.59,96.77,96.89,95.82,8709600,2017-11-28
1,97.22,97.56,98.26,96.88,11424000,2017-11-29
1,98.09,97.23,98.44,96.51,12854700,2017-11-30
1,97.61,97.35,97.71,96.23,8296200,2017-12-01
1,97.73,97.01,97.96,96.68,8956500,2017-12-04
1,97.00,97.83,97.94,96.92,9010100,2017-12-05
1,97.99,97.28,98.14,97.24,7141000,2017-12-06
1,97.06,96.78,97.58,96.65,7502600,2017-12-07
1,96.30,96.55,96.70,96.14,5821100,2017-12-08
1,96.96,96.93,97.27,96.29,8928900,2017-12-11
1,96.85,96.70,97.24,96.60,7810600,2017-12-12
1,96.66,97.76,97.91,96.55,7879400,2017-12-13
1,98.00,97.13,98.57,97.10,9385800,2017-12-14
1,97.71,97.11,98.49,96.91,16142800,2017-12-15
1,97.38,97.90,98.17,97.36,7964400,2017-12-18
1,99.91,98.80,99.91,98.29,12012200,2017-12-19
1,99.45,98.75,99.65,98.45,10729800,2017-12-20
1,99.00,98.06,99.33,97.98,7369100,2017-12-21
1,98.29,98.21,98.42,97.68,5478700,2017-12-22
1,98.35,99.16,99.44,98.35,4295900,2017-12-26
1,99.56,99.26,99.60,98.83,5140800,2017-12-27
1,99.52,99.40,99.62,99.12,9763900,2017-12-28
1,99.40,98.75,99.69,98.75,7144300,2017-12-29
1,99.30,98.59,99.79,98.52,10150500,2018-01-02
1,98.85,99.45,100.00,98.77,8903600,2018-01-03
1,99.54,99.54,99.78,98.91,6830400,2018-01-04
1,99.64,100.13,100.38,99.61,7284000,2018-01-05
1,100.25,101.61,101.75,100.21,8843900,2018-01-08
1,102.03,100.39,102.35,100.31,7312700,2018-01-09
1,99.75,99.67,99.89,98.53,7930400,2018-01-10
1,99.70,100.02,100.45,98.78,6537700,2018-01-11
1,100.39,100.87,101.44,100.30,6951200,2018-01-12
1,101.34,100.69,101.91,100.34,7170700,2018-01-16
1,101.15,102.70,102.94,100.70,8681900,2018-01-17
1,104.74,104.30,104.94,103.62,12307900,2018-01-18
1,104.64,104.59,104.93,103.66,8378600,2018-01-19
1,104.50,105.45,105.45,104.04,7308300,2018-01-22
1,105.29,105.90,106.15,104.57,8287800,2018-01-23
1,106.35,105.79,106.44,104.82,6823100,2018-01-24
1,105.85,106.60,106.81,105.85,5857100,2018-01-25
1,107.00,108.39,108.41,106.68,6786300,2018-01-26
1,108.11,109.55,109.98,107.99,8355200,2018-01-29
1,109.14,107.73,109.36,107.15,9180500,2018-01-30
1,107.77,106.60,108.18,106.07,9812800,2018-01-31
1,105.96,105.52,106.56,105.18,6386800,2018-02-01
1,105.15,104.48,106.47,104.15,9253100,2018-02-02
1,103.40,100.09,104.61,97.09,12561600,2018-02-05
1,97.64,100.90,101.08,97.25,16413800,2018-02-06
1,100.50,102.85,104.59,100.01,11165200,2018-02-07
1,103.23,100.02,103.48,100.00,13975100,2018-02-08
1,100.53,99.37,101.10,96.43,14184600,2018-02-09
1,100.13,99.55,100.45,98.80,9135100,2018-02-12
1,99.33,100.98,101.22,99.33,6622800,2018-02-13
1,100.86,101.70,102.25,100.21,7307600,2018-02-14
1,102.55,103.23,103.64,101.83,7494900,2018-02-15
1,103.09,104.78,104.94,101.98,16064300,2018-02-16
1,96.99,94.11,97.94,94.10,52088500,2018-02-20
1,95.11,91.52,95.34,91.24,49503700,2018-02-21
1,91.43,92.77,93.39,91.31,20365000,2018-02-22
1,92.88,92.89,93.49,91.76,12791500,2018-02-23
1,92.90,93.12,93.80,92.22,14699300,2018-02-26
1,93.63,91.52,93.72,91.51,13376100,2018-02-27
1,92.00,90.01,92.10,90.00,14143700,2018-02-28
1,90.17,89.08,90.18,87.71,18909600,2018-03-01
1,87.27,88.77,88.90,87.24,19043400,2018-03-02
1,88.14,89.98,90.50,88.07,13383200,2018-03-05
1,90.35,89.06,90.50,88.63,11054700,2018-03-06
1,87.98,87.74,88.53,87.34,11453000,2018-03-07
1,87.77,87.92,88.13,87.34,9588700,2018-03-08
1,88.24,88.72,88.72,87.53,9754400,2018-03-09
1,88.70,88.07,89.44,87.88,8474000,2018-03-12
1,88.39,88.30,88.90,87.98,7173000,2018-03-13
1,88.51,87.67,88.99,87.50,11040600,2018-03-14
1,87.68,87.51,88.79,85.90,16615200,2018-03-15
1,87.72,89.17,90.09,87.50,28396000,2018-03-16
1,88.91,87.45,89.08,87.10,12053400,2018-03-19
1,87.86,87.95,88.15,87.37,8258000,2018-03-20
1,87.89,88.18,89.68,87.68,11836000,2018-03-21
1,87.53,87.14,88.27,86.99,12248200,2018-03-22
1,87.35,85.42,87.69,85.28,10125100,2018-03-23
1,86.22,87.50,87.69,86.11,9199800,2018-03-26
1,87.96,86.05,88.04,85.48,6545800,2018-03-27
1,86.26,87.77,88.24,86.19,11576300,2018-03-28
1,87.90,88.97,89.34,87.77,9274600,2018-03-29
1,88.00,85.55,88.24,84.84,19128900,2018-04-02
1,86.25,86.80,86.95,85.55,9695500,2018-04-03
1,85.60,87.22,87.50,85.44,6536600,2018-04-04
1,87.60,87.81,88.35,87.05,6380900,2018-04-05
1,86.83,86.69,87.90,86.13,6350000,2018-04-06
1,86.85,86.28,87.45,86.24,8368100,2018-04-09
1,86.84,86.45,87.10,85.66,9127400,2018-04-10
1,86.00,85.91,86.86,85.80,6279000,2018-04-11
1,86.19,85.43,86.83,85.41,6856300,2018-04-12
1,85.89,86.02,86.27,85.19,7559200,2018-04-13
1,86.20,86.84,87.65,86.12,7020700,2018-04-16
1,87.48,87.90,88.17,87.41,6801900,2018-04-17
1,88.20,87.57,88.56,87.51,5854000,2018-04-18
1,87.41,87.89,88.04,86.58,6588300,2018-04-19
1,87.87,86.98,88.38,86.67,8324900,2018-04-20
1,86.89,86.10,87.08,86.02,7360500,2018-04-23
1,86.77,86.53,86.91,85.57,8469700,2018-04-24
1,86.32,87.17,87.70,85.89,6760400,2018-04-25
1,87.17,87.94,88.32,86.90,5782500,2018-04-26
1,87.87,87.29,87.90,87.08,5651100,2018-04-27
1,87.94,88.46,89.66,87.92,8685900,2018-04-30
1,87.67,87.41,88.01,86.35,6957700,2018-05-01
1,87.13,86.34,87.25,86.16,6083000,2018-05-02
1,86.19,86.23,86.29,85.12,6876100,2018-05-03
1,86.00,87.53,88.10,85.36,6971500,2018-05-04
1,87.49,85.47,87.50,85.27,10783600,2018-05-07
1,85.52,85.74,85.85,84.92,6551400,2018-05-08
1,82.56,83.06,83.68,82.00,32265200,2018-05-09
1,82.64,82.69,83.77,82.01,15857600,2018-05-10
1,82.69,83.38,83.52,81.95,9934800,2018-05-11
1,83.89,84.39,84.79,83.65,9499200,2018-05-14
1,84.06,84.52,84.88,83.80,9322900,2018-05-15
1,84.87,86.13,86.13,84.74,13733600,2018-05-16
1,87.04,84.49,87.59,83.85,29720700,2018-05-17
1,84.24,83.64,84.44,83.49,12043100,2018-05-18
1,84.14,84.51,84.54,83.82,10715700,2018-05-21
1,84.50,83.37,84.81,83.29,8067300,2018-05-22
1,82.95,83.01,83.02,82.17,9399200,2018-05-23
1,83.00,82.85,83.00,81.78,8576200,2018-05-24
1,82.85,82.46,83.34,82.32,5913500,2018-05-25
1,81.96,82.40,82.52,81.81,8428200,2018-05-29
1,82.45,84.12,84.23,82.26,9314100,2018-05-30
1,83.94,82.54,84.31,82.51,11468700,2018-05-31
1,83.04,82.99,83.42,82.85,5237900,2018-06-01
1,83.50,85.42,85.52,83.30,10922000,2018-06-04
1,85.45,84.62,85.47,84.25,8281400,2018-06-05
1,84.95,84.56,85.15,84.35,7362800,2018-06-06
1,84.78,84.95,85.76,84.69,7705700,2018-06-07
1,84.78,84.36,85.19,84.14,7602400,2018-06-08
1,84.41,84.30,84.54,83.79,6252300,2018-06-11
1,84.32,84.10,84.59,83.47,8061700,2018-06-12
1,83.89,84.09,84.37,83.85,6358400,2018-06-13
1,84.22,83.79,84.81,83.67,7517400,2018-06-14
1,83.50,83.70,83.99,83.06,12503000,2018-06-15
1,83.05,83.00,83.57,82.82,8502300,2018-06-18
1,82.60,83.61,83.62,82.37,9352500,2018-06-19
1,83.71,83.61,83.82,83.16,7966600,2018-06-20
1,83.40,84.21,84.55,82.90,8092000,2018-06-21
1,84.46,84.82,84.85,84.10,10813000,2018-06-22
1,84.59,86.47,86.60,84.48,15939500,2018-06-25
1,86.53,85.98,87.05,85.76,10126200,2018-06-26
1,85.90,86.89,87.49,85.55,10299700,2018-06-27
1,86.85,85.86,87.29,85.69,8467000,2018-06-28
1,85.90,85.65,86.20,85.52,8255600,2018-06-29
1,85.65,84.00,85.94,83.40,8125100,2018-07-02
1,84.09,84.44,85.05,84.09,4396200,2018-07-03
1,84.94,84.57,85.58,84.27,5367500,2018-07-05
1,84.20,84.51,84.87,83.82,5613700,2018-07-06
1,85.00,85.93,86.47,84.77,6575400,2018-07-09
1,85.93,87.21,87.33,85.88,6048400,2018-07-10
1,87.06,86.53,87.15,86.39,5595900,2018-07-11
1,86.94,86.52,87.41,86.22,4888600,2018-07-12
1,86.52,87.70,87.99,86.50,6388600,2018-07-13
1,87.62,87.64,87.72,86.83,4447200,2018-07-16
1,87.40,88.19,88.70,87.40,5911500,2018-07-17
1,88.33,88.07,89.19,87.94,5045500,2018-07-18
1,87.86,87.72,88.48,87.41,4883100,2018-07-19
1,87.40,88.06,88.17,87.20,4815100,2018-07-20
1,87.65,87.63,88.15,87.38,4150000,2018-07-23
1,88.12,87.96,88.50,87.61,5589500,2018-07-24
1,87.27,87.90,88.02,87.11,5809100,2018-07-25
1,88.50,88.23,89.43,88.18,6548300,2018-07-26
1,88.64,88.13,88.88,88.03,4679400,2018-07-27
1,88.00,88.88,88.94,87.89,6010700,2018-07-30
1,89.00,89.23,89.66,88.80,6708100,2018-07-31
1,88.86,88.24,89.13,87.88,5050000,2018-08-01
1,87.94,88.76,88.84,87.62,4306100,2018-08-02
1,89.19,89.60,90.28,89.00,5747200,2018-08-03
1,89.31,89.67,89.98,89.13,4651600,2018-08-06
1,89.83,89.77,90.36,89.65,4526700,2018-08-07
1,89.97,90.05,90.23,89.37,5041100,2018-08-08
1,89.46,89.01,89.63,88.76,4727900,2018-08-09
1,88.70,90.18,90.37,88.65,8244900,2018-08-10
1,90.20,89.64,90.54,89.37,5879200,2018-08-13
1,89.64,90.85,91.12,89.63,5836800,2018-08-14
1,90.25,90.22,90.41,89.67,8616900,2018-08-15
1,100.11,98.64,100.21,97.91,42631300,2018-08-16
1,97.77,97.85,99.67,97.61,16463300,2018-08-17
1,97.67,96.00,98.29,95.95,12679300,2018-08-20
1,95.96,96.08,96.36,95.36,10531300,2018-08-21
1,96.20,95.67,96.85,95.23,7765700,2018-08-22
1,95.50,95.18,95.86,95.06,6096400,2018-08-23
1,95.09,94.95,95.66,94.35,8594300,2018-08-24
1,95.26,94.54,95.61,94.29,7040300,2018-08-27
1,94.77,96.07,96.35,94.53,9983000,2018-08-28
1,96.28,95.64,96.83,95.53,7862800,2018-08-29
1,95.50,96.10,96.50,95.45,7058700,2018-08-30
1,96.19,95.86,96.44,95.11,6324700,2018-08-31
1,95.80,95.36,96.27,95.24,8280700,2018-09-04
1,95.67,96.62,96.83,95.36,9474600,2018-09-05
1,96.53,96.45,96.72,96.01,6150800,2018-09-06
1,95.80,95.83,96.48,95.64,6672400,2018-09-07
1,96.11,96.90,97.19,96.09,8332600,2018-09-10
1,97.27,96.64,97.66,96.49,6463500,2018-09-11
1,96.26,95.97,96.74,95.93,5900000,2018-09-12
1,95.32,95.12,95.62,94.91,7652900,2018-09-13
1,94.53,94.59,94.84,94.35,6319400,2018-09-14
1,94.75,94.82,95.48,94.37,5329800,2018-09-17
1,94.46,95.43,95.59,94.15,6759800,2018-09-18
1,95.57,95.24,95.89,94.88,5675100,2018-09-19
1,95.35,95.75,95.79,94.95,5552300,2018-09-20
1,95.92,95.90,96.29,95.63,9530100,2018-09-21
1,95.44,94.92,96.00,94.86,5337000,2018-09-24
1,95.99,95.10,96.52,94.99,6193200,2018-09-25
1,95.10,94.59,95.59,94.52,5918600,2018-09-26
1,94.19,94.13,94.96,93.82,5363400,2018-09-27
1,94.28,93.91,94.37,93.69,6306300,2018-09-28
1,94.29,94.40,94.66,94.04,4994300,2018-10-01
1,93.93,95.15,95.61,93.85,7754600,2018-10-02
1,95.50,94.07,95.54,94.04,6327400,2018-10-03
1,94.07,94.21,94.50,93.20,6045300,2018-10-04
1,93.86,93.31,94.19,92.89,6693400,2018-10-05
1,93.25,94.69,94.93,93.02,5762600,2018-10-08
1,95.64,97.08,97.74,95.19,11598900,2018-10-09
1,96.60,95.76,97.85,95.70,9002800,2018-10-10
1,95.81,93.92,96.29,93.60,9926500,2018-10-11
1,94.76,94.81,95.17,93.67,8553900,2018-10-12
1,94.50,93.82,94.99,93.82,8305500,2018-10-15
1,94.70,95.81,96.07,94.34,11241700,2018-10-16
1,95.18,96.56,96.62,94.90,9539400,2018-10-17
1,96.40,96.17,97.25,95.74,11398400,2018-10-18
1,96.00,97.15,97.65,96.00,8950700,2018-10-19
1,97.34,97.14,97.58,96.74,7122900,2018-10-22
1,96.50,97.80,97.99,96.11,9405800,2018-10-23
1,97.50,97.56,99.17,97.28,10364700,2018-10-24
1,98.01,99.18,99.48,97.00,10737100,2018-10-25
1,98.81,98.94,99.67,98.02,14925600,2018-10-26
1,99.51,99.80,101.73,99.09,12706100,2018-10-29
1,100.21,102.42,102.60,100.06,12708500,2018-10-30
1,102.49,100.28,102.49,100.12,12354900,2018-10-31
1,99.96,100.58,101.17,99.72,7735100,2018-11-01
1,100.88,101.34,101.57,100.31,7303200,2018-11-02
1,101.19,102.91,103.17,100.63,7616800,2018-11-05
1,102.54,103.33,103.44,102.05,6368700,2018-11-06
1,103.66,104.32,104.47,103.05,8672600,2018-11-07
1,104.33,104.88,105.26,104.03,5961400,2018-11-08
1,105.00,105.56,105.90,104.81,8450400,2018-11-09
1,105.50,103.87,106.21,103.65,8943100,2018-11-12
1,103.67,102.94,104.15,102.54,7956700,2018-11-13
1,103.00,101.53,103.15,101.01,10481900,2018-11-14
1,102.32,99.54,102.80,98.62,16082600,2018-11-15
1,98.82,97.69,99.42,96.92,14235200,2018-11-16
1,97.94,96.78,98.25,96.43,9214400,2018-11-19
1,94.98,94.16,95.20,93.60,12620600,2018-11-20
1,94.36,94.17,94.92,93.31,9350900,2018-11-21
1,94.13,95.10,95.55,94.13,4890000,2018-11-23
1,95.69,95.15,96.07,94.74,10034600,2018-11-26
1,94.99,95.04,95.54,94.41,9042300,2018-11-27
1,95.45,97.46,97.62,95.05,10070800,2018-11-28
1,97.02,97.29,97.83,96.74,6241300,2018-11-29
1,97.40,97.65,98.43,97.07,10664000,2018-11-30
1,98.02,98.75,99.59,97.67,9082100,2018-12-03
1,98.25,95.81,98.96,95.61,10426300,2018-12-04
1,94.94,94.77,95.41,93.10,10367200,2018-12-06
1,94.50,93.19,95.13,92.45,8496500,2018-12-07
1,93.56,93.94,94.25,92.34,7276900,2018-12-10
1,94.25,93.85,94.49,93.25,6452500,2018-12-11
1,94.30,93.11,94.30,93.06,9639200,2018-12-12
1,93.25,92.96,93.68,92.43,8042300,2018-12-13
1,92.05,91.85,92.56,91.57,11493600,2018-12-14
1,91.22,90.77,92.01,90.16,9001800,2018-12-17
1,90.80,91.08,91.26,90.28,9606700,2018-12-18
1,91.29,90.55,93.00,90.25,12231500,2018-12-19
1,90.11,87.28,90.11,86.14,16373800,2018-12-20
1,86.87,87.13,89.47,86.80,14921500,2018-12-21
1,86.54,85.82,87.57,85.78,6110300,2018-12-24
1,86.42,90.41,90.42,86.30,10028300,2018-12-26
1,89.75,91.59,91.61,88.44,9881500,2018-12-27
1,92.07,92.13,93.47,91.65,9874000,2018-12-28
1,92.67,93.15,93.39,92.25,7005800,2018-12-31
1,91.64,93.34,93.65,91.64,8152700,2019-01-02
1,93.21,92.86,94.71,92.70,8277300,2019-01-03
1,93.21,93.44,93.66,92.69,8029100,2019-01-04
1,93.62,94.54,95.17,93.18,7789700,2019-01-07
1,95.06,95.20,95.76,93.91,7200900,2019-01-08
1,95.71,94.89,96.14,94.77,6272300,2019-01-09
1,93.88,94.96,94.98,93.12,9396300,2019-01-10
1,94.99,94.84,95.29,94.55,5394600,2019-01-11
1,94.48,94.95,95.45,94.28,7085100,2019-01-14
1,95.47,96.25,96.60,95.38,7058200,2019-01-15
1,95.93,96.35,96.86,95.83,5410000,2019-01-16
1,96.32,96.74,97.21,96.16,5614500,2019-01-17
1,96.95,97.73,98.20,96.85,6120600,2019-01-18
1,97.15,97.49,98.43,96.78,8063200,2019-01-22
1,98.87,98.71,99.35,97.53,8345800,2019-01-23
1,98.20,98.36,98.46,96.43,7609700,2019-01-24
1,98.75,96.94,98.91,96.75,7218200,2019-01-25
1,96.53,97.06,97.07,96.08,5875800,2019-01-28
1,96.77,96.71,97.16,96.51,5253400,2019-01-29
1,96.68,94.80,96.80,94.26,11849300,2019-01-30
1,94.63,95.83,96.87,94.63,14723000,2019-01-31
1,95.92,93.86,96.00,93.11,12591900,2019-02-01
1,93.86,94.77,94.77,93.35,7268600,2019-02-04
1,95.25,95.60,95.94,95.02,6099900,2019-02-05
1,95.43,95.64,96.01,95.22,4264900,2019-02-06
1,95.11,96.73,96.82,95.00,7010100,2019-02-07
1,96.34,95.58,96.69,95.14,6169200,2019-02-08
1,95.65,96.20,96.35,95.64,5542800,2019-02-11
1,96.82,96.97,97.17,96.50,5881300,2019-02-12
1,97.30,97.94,98.00,97.09,5458500,2019-02-13
1,97.68,98.52,99.20,97.02,7200800,2019-02-14
1,98.98,99.99,100.00,98.86,9481000,2019-02-15
1,102.38,102.20,104.18,102.07,20697300,2019-02-19
1,101.81,99.88,102.34,98.65,17631800,2019-02-20
1,99.66,99.39,99.92,98.91,6413200,2019-02-21
1,99.82,99.55,100.16,99.14,8086900,2019-02-22
1,100.12,99.12,100.13,99.05,9235000,2019-02-25
1,99.02,98.69,99.06,97.87,8488100,2019-02-26
1,98.12,98.11,98.39,97.59,7902300,2019-02-27
1,98.11,98.99,99.47,97.77,11375900,2019-02-28
1,99.47,97.93,99.56,97.12,10352500,2019-03-01
1,98.12,97.85,98.59,97.37,7683800,2019-03-04
1,98.13,98.34,99.19,98.09,6119300,2019-03-05
1,98.27,98.26,99.00,97.86,4696600,2019-03-06
1,97.71,97.45,98.20,97.24,6126600,2019-03-07
1,97.55,97.59,98.42,97.00,5659000,2019-03-08
1,98.04,98.48,98.58,97.82,5345300,2019-03-11
1,98.53,98.37,98.74,98.05,5070500,2019-03-12
1,98.70,99.03,99.35,98.39,5482300,2019-03-13
1,98.41,98.22,98.43,97.59,4925800,2019-03-14
1,98.28,98.42,98.51,97.60,14600000,2019-03-15
1,98.30,99.66,99.77,98.26,5770100,2019-03-18
1,99.99,99.85,100.49,99.57,5414400,2019-03-19
1,99.20,98.64,99.55,98.54,6323100,2019-03-20
1,98.25,99.06,99.13,98.10,6551000,2019-03-21
1,98.58,98.28,99.53,97.94,6708100,2019-03-22
1,97.80,98.17,98.62,97.63,5407400,2019-03-25
1,98.36,98.32,98.85,98.03,4945900,2019-03-26
1,98.14,97.21,98.86,95.00,8471200,2019-03-27
1,97.59,97.13,97.87,96.53,8054300,2019-03-28
1,97.59,97.53,97.67,97.04,7439900,2019-03-29
1,97.97,97.82,98.36,97.56,8505800,2019-04-01
1,97.76,96.94,98.31,96.90,6274000,2019-04-02
1,97.12,97.19,97.40,96.79,5687500,2019-04-03
1,97.25,98.11,98.28,97.24,4026300,2019-04-04
1,98.25,98.83,99.20,98.16,4656000,2019-04-05
1,98.45,99.23,99.25,98.26,5422400,2019-04-08
1,98.80,98.69,99.23,98.15,4367500,2019-04-09
1,98.51,99.60,99.72,98.50,4091100,2019-04-10
1,99.70,100.80,100.83,99.47,5606900,2019-04-11
1,101.00,101.56,102.02,101.00,5162000,2019-04-12
1,101.30,102.43,102.91,101.26,5111900,2019-04-15
1,102.89,102.93,103.39,102.54,4828400,2019-04-16
1,103.00,103.16,103.40,102.41,3729200,2019-04-17
1,103.11,103.18,103.80,102.89,3727800,2019-04-18
1,102.78,102.37,103.54,102.17,5079400,2019-04-22
1,102.53,103.07,103.29,101.94,5050800,2019-04-23
1,103.14,103.53,103.85,103.09,4697800,2019-04-24
1,103.24,103.52,104.15,102.83,3961100,2019-04-25
1,100.45,101.53,102.34,99.66,8107700,2019-04-26
1,101.88,101.56,102.00,100.78,6379700,2019-04-29
1,101.77,102.84,102.92,101.45,6133600,2019-04-30
1,102.77,101.36,102.81,101.28,5337200,2019-05-01
1,101.43,101.15,102.06,100.24,5007000,2019-05-02
1,102.32,102.08,102.75,101.80,5316900,2019-05-03
1,100.75,102.46,102.55,100.54,4613700,2019-05-06
1,101.80,101.30,102.17,100.76,4575600,2019-05-07
1,100.25,100.30,101.04,99.86,5882000,2019-05-08
1,99.27,99.54,99.94,98.85,6240100,2019-05-09
1,99.76,101.91,102.11,99.70,8742700,2019-05-10
1,100.45,99.89,101.15,99.01,7361500,2019-05-13
1,100.14,100.29,100.87,99.89,6353700,2019-05-14
1,100.20,99.88,100.36,99.13,6740300,2019-05-15
1,102.83,101.31,103.96,100.84,17122000,2019-05-16
1,100.24,100.86,101.95,99.91,12371300,2019-05-17
1,100.39,101.52,101.98,100.25,7194100,2019-05-20
1,101.51,101.12,101.65,100.40,6889100,2019-05-21
1,101.60,102.23,102.43,101.06,7340900,2019-05-22
1,101.82,101.86,101.93,100.65,6454600,2019-05-23
1,102.18,102.67,102.89,102.08,4483200,2019-05-24
1,102.56,102.42,103.57,102.40,10271700,2019-05-28
1,102.11,102.12,102.88,101.47,6520200,2019-05-29
1,102.49,102.19,103.49,101.91,5019600,2019-05-30
1,101.35,101.44,102.02,100.60,5927500,2019-05-31
1,101.63,101.96,102.68,101.40,6614700,2019-06-03
1,102.61,102.56,102.65,101.44,5964900,2019-06-04
1,102.75,104.42,104.78,102.60,6902900,2019-06-05
1,104.49,105.11,105.66,104.20,8063700,2019-06-06
1,105.23,106.06,106.36,105.05,6809400,2019-06-07
1,106.48,107.52,107.78,106.37,6325700,2019-06-10
1,108.00,107.94,108.97,107.75,6747300,2019-06-11
1,107.92,108.82,108.91,107.92,4635100,2019-06-12
1,109.00,108.65,109.58,108.17,5485000,2019-06-13
1,108.78,109.07,109.59,108.46,4525900,2019-06-14
1,109.12,109.16,109.55,108.26,4147000,2019-06-17
1,109.80,109.65,109.96,108.91,4911200,2019-06-18
1,109.80,109.62,109.84,108.87,3924600,2019-06-19
1,109.82,110.32,110.49,109.28,5001500,2019-06-20
1,110.34,111.13,112.19,110.26,13178600,2019-06-21
1,111.49,111.24,112.22,111.03,6032800,2019-06-24
1,110.88,110.72,111.43,110.40,6105000,2019-06-25
1,110.85,110.16,111.08,110.10,4161700,2019-06-26
1,110.06,110.10,110.51,108.86,5481300,2019-06-27
1,110.55,110.49,111.51,110.24,6506700,2019-06-28
1,111.30,110.62,111.97,110.02,5514700,2019-07-01
1,110.83,111.60,111.61,110.34,4062900,2019-07-02
1,111.18,112.32,112.40,111.00,3207300,2019-07-03
1,112.00,111.98,112.24,111.21,3579400,2019-07-05
1,111.92,112.72,112.93,111.70,4715700,2019-07-08
1,112.89,112.88,113.38,112.60,5423400,2019-07-09
1,113.12,112.98,113.61,112.39,4579000,2019-07-10
1,113.34,113.92,113.94,113.02,3896600,2019-07-11
1,114.09,114.60,114.77,113.62,3743300,2019-07-12
1,114.67,114.98,115.08,114.45,3346000,2019-07-15
1,115.33,114.76,115.49,114.04,3488200,2019-07-16
1,114.81,114.60,115.17,114.20,2688500,2019-07-17
1,114.35,114.72,114.78,113.74,3223600,2019-07-18
1,115.00,113.90,115.31,113.86,3796300,2019-07-19
1,114.10,112.82,114.34,112.32,4516900,2019-07-22
1,113.12,112.09,113.20,111.57,5754200,2019-07-23
1,112.03,112.00,112.79,111.57,4177300,2019-07-24
1,112.18,112.22,112.39,111.66,3851500,2019-07-25
1,112.12,113.02,113.34,111.82,4729000,2019-07-26
1,112.84,112.27,112.98,111.76,3746600,2019-07-29
1,112.06,112.06,112.40,111.67,3035200,2019-07-30
1,111.91,110.38,112.34,109.63,6211300,2019-07-31
1,110.32,109.38,112.17,109.32,7455000,2019-08-01
1,109.74,109.40,110.14,108.15,5656700,2019-08-02
1,108.00,105.82,108.00,105.59,7570000,2019-08-05
1,106.19,107.27,107.84,105.59,7016400,2019-08-06
1,107.02,108.20,108.64,105.92,7278500,2019-08-07
1,108.01,108.52,108.84,107.77,4374400,2019-08-08
1,108.06,107.28,108.46,106.71,4193500,2019-08-09
1,106.72,105.22,106.84,104.84,5868400,2019-08-12
1,105.25,107.41,108.11,104.85,6675300,2019-08-13
1,105.48,106.20,108.06,105.14,9312800,2019-08-14
1,112.53,112.69,113.64,110.16,19812900,2019-08-15
1,114.08,112.99,114.93,112.06,10965200,2019-08-16
1,114.35,113.81,114.78,113.60,7178100,2019-08-19
1,113.86,112.05,114.04,112.01,6112300,2019-08-20
1,113.98,112.02,114.07,111.88,8156400,2019-08-21
1,112.20,111.91,112.79,111.35,5995400,2019-08-22
1,111.62,110.83,111.91,110.13,6236700,2019-08-23
1,111.56,111.99,112.27,111.22,5935700,2019-08-26
1,112.42,112.42,112.81,111.51,5733700,2019-08-27
1,112.28,112.72,113.08,111.68,5371000,2019-08-28
1,114.20,114.08,114.59,113.31,5270500,2019-08-29
1,115.00,114.26,115.38,113.90,5705300,2019-08-30
1,113.68,114.64,115.31,113.49,5942700,2019-09-03
1,115.69,115.91,115.96,114.82,5782900,2019-09-04
1,117.67,115.44,117.96,115.27,5826400,2019-09-05
1,115.44,114.73,115.75,114.62,4346400,2019-09-06
1,114.50,116.33,116.61,114.40,5973700,2019-09-09
1,115.99,116.05,116.96,115.48,4857400,2019-09-10
1,116.00,116.02,116.70,115.22,5284100,2019-09-11
1,116.65,116.92,117.07,115.90,4474300,2019-09-12
1,117.16,117.43,118.19,116.95,5638600,2019-09-13
1,116.54,115.57,117.17,115.38,6090300,2019-09-16
1,115.32,116.51,116.69,115.25,4604500,2019-09-17
1,116.91,117.16,117.23,116.18,3956000,2019-09-18
1,117.40,117.11,117.81,116.77,3380600,2019-09-19
1,117.35,116.98,117.64,116.80,11332400,2019-09-20
1,116.61,117.62,118.41,116.56,5162500,2019-09-23
1,118.25,118.40,119.86,118.01,7273100,2019-09-24
1,118.47,118.47,118.72,117.81,4613600,2019-09-25
1,118.80,118.30,119.55,118.19,3986900,2019-09-26
1,119.21,118.45,119.23,117.75,3434700,2019-09-27
1,118.67,118.68,119.44,118.56,3401400,2019-09-30
1,118.85,117.85,119.11,117.72,3729300,2019-10-01
1,117.40,116.12,117.55,115.61,5944500,2019-10-02
1,115.88,116.31,116.80,114.58,5206500,2019-10-03
1,116.40,118.16,118.30,116.19,4627000,2019-10-04
1,118.10,117.23,118.30,116.88,4695000,2019-10-07
1,116.81,117.58,118.67,116.66,5125100,2019-10-08
1,118.18,118.93,119.30,118.02,3903400,2019-10-09
1,118.90,119.61,119.88,118.60,4341500,2019-10-10
1,119.92,120.24,120.71,118.72,6127900,2019-10-11
1,119.85,119.17,120.46,119.10,4573300,2019-10-14
1,119.33,119.53,119.99,118.87,4516700,2019-10-15
1,119.31,119.42,120.11,119.10,3781600,2019-10-16
1,119.67,119.84,120.25,119.36,3910900,2019-10-17
1,120.45,119.14,120.60,119.13,5592300,2019-10-18
1,119.30,119.74,119.83,118.82,3410100,2019-10-21
1,119.75,119.58,120.17,119.39,2544700,2019-10-22
1,119.17,119.35,119.85,118.69,2840000,2019-10-23
1,119.15,119.10,119.57,118.51,2900300,2019-10-24
1,119.00,119.04,119.33,118.20,2564300,2019-10-25
1,119.25,119.22,119.70,118.53,3404600,2019-10-28
1,118.50,117.15,118.73,117.08,4791100,2019-10-29
1,117.18,118.10,118.37,117.05,2996200,2019-10-30
1,117.93,117.26,118.28,116.83,4881300,2019-10-31
1,117.92,117.62,117.97,117.23,3762600,2019-11-01
1,118.40,117.57,119.11,117.17,4646000,2019-11-04
1,117.68,118.86,119.14,117.08,4217100,2019-11-05
1,118.83,119.50,119.62,118.71,3614400,2019-11-06
1,120.00,120.23,120.92,119.54,4441400,2019-11-07
1,120.31,119.44,120.88,118.94,3832700,2019-11-08
1,118.70,119.04,119.63,118.28,4439000,2019-11-11
1,119.60,119.12,120.00,118.81,5063100,2019-11-12
1,119.16,120.98,121.36,118.66,7711800,2019-11-13
1,124.60,120.65,125.38,119.51,22504200,2019-11-14
1,120.68,118.87,121.00,118.38,10137700,2019-11-15
1,118.45,120.25,120.87,118.24,6548000,2019-11-18
1,120.11,119.89,120.36,119.71,3715400,2019-11-19
1,120.21,119.13,120.48,118.40,5075900,2019-11-20
1,118.83,119.86,120.00,118.67,4302800,2019-11-21
1,120.15,119.36,120.30,119.27,3843100,2019-11-22
1,120.00,118.92,120.02,117.90,5881500,2019-11-25
1,118.96,119.19,119.30,118.45,6292500,2019-11-26
1,119.39,118.76,119.80,118.73,3434100,2019-11-27
1,119.14,119.09,119.97,119.00,3157300,2019-11-29
1,119.15,119.28,119.38,117.84,5670900,2019-12-02
1,118.40,118.67,118.96,117.77,6594800,2019-12-03
1,119.12,118.69,119.20,118.30,5556600,2019-12-04
1,118.36,118.66,118.78,117.42,4352800,2019-12-05
1,119.08,119.78,119.80,118.92,4340800,2019-12-06
1,119.57,119.36,119.86,119.18,4816000,2019-12-09
1,119.35,119.14,119.56,119.02,4282300,2019-12-10
1,119.40,119.00,119.65,118.53,3506400,2019-12-11
1,119.00,119.76,120.11,118.68,4149000,2019-12-12
1,119.16,120.29,120.65,119.02,5366300,2019-12-13
1,120.42,120.54,121.35,120.42,5350700,2019-12-16
1,120.95,121.28,121.70,120.70,4575800,2019-12-17
1,121.51,119.86,121.68,119.84,5103000,2019-12-18
1,119.94,120.08,120.51,119.78,4464100,2019-12-19
1,121.48,120.29,122.12,120.02,7954400,2019-12-20
1,120.20,119.03,120.69,119.01,4485800,2019-12-23
1,119.13,119.51,119.60,119.01,2227400,2019-12-24
1,119.61,119.52,119.85,118.95,4223800,2019-12-26
1,119.94,119.59,119.94,119.25,3544000,2019-12-27
1,119.80,119.40,119.81,119.13,2945800,2019-12-30
1,119.50,118.84,119.80,118.19,4912000,2019-12-31
1,118.86,118.94,119.89,118.70,6764900,2020-01-02
1,118.27,117.89,118.79,117.59,5399200,2020-01-03
1,117.40,117.65,118.09,116.77,6445500,2020-01-06
1,117.26,116.56,117.52,116.20,6846900,2020-01-07
1,116.30,116.16,116.73,115.68,5875800,2020-01-08
1,116.15,117.36,117.37,116.08,5563700,2020-01-09
1,117.24,116.38,117.34,115.98,6054800,2020-01-10
1,116.38,115.88,116.55,115.37,6112600,2020-01-13
1,115.47,116.18,116.21,115.13,6585800,2020-01-14
1,114.63,115.28,115.87,114.52,7454200,2020-01-15
1,115.50,115.90,115.93,115.28,5369400,2020-01-16
1,116.05,114.96,116.30,114.64,10045000,2020-01-17
1,114.59,115.59,115.69,114.52,7353700,2020-01-21
1,115.22,116.10,116.53,115.18,4926100,2020-01-22
1,116.21,115.81,116.31,115.04,4305100,2020-01-23
1,116.00,114.37,116.03,114.15,4383400,2020-01-24
1,113.19,115.86,116.23,112.68,7018400,2020-01-27
1,115.98,116.60,116.90,115.95,5270200,2020-01-28
1,116.56,115.89,117.12,115.89,3775500,2020-01-29
1,115.61,116.58,116.72,115.33,4581500,2020-01-30
1,115.80,114.49,116.26,113.90,7775800,2020-01-31
1,114.90,114.27,115.39,114.10,4347100,2020-02-03
1,115.24,115.27,116.24,114.89,5232200,2020-02-04
1,115.60,116.81,116.95,114.85,5682900,2020-02-05
1,116.83,116.31,117.23,116.06,5352900,2020-02-06
1,116.11,116.45,116.76,115.76,3689600,2020-02-07
1,115.75,115.25,116.98,115.05,6144900,2020-02-10
1,115.43,115.40,115.50,114.44,5796800,2020-02-11
1,115.50,115.85,116.42,115.41,4735600,2020-02-12
1,115.85,117.44,117.54,115.58,5333200,2020-02-13
1,117.67,117.89,118.57,117.16,8130600,2020-02-14
1,118.47,119.63,119.95,117.36,11513200,2020-02-18
1,119.50,117.68,119.94,117.68,7187800,2020-02-19
1,117.21,117.69,118.11,116.86,5022900,2020-02-20
1,117.44,118.58,118.75,117.31,6242100,2020-02-21
1,117.46,116.32,118.46,115.95,6616000,2020-02-24
1,116.35,114.39,117.07,114.05,7764300,2020-02-25
1,114.70,113.78,115.17,113.65,6673300,2020-02-26
1,112.56,110.40,114.07,110.35,9492300,2020-02-27
1,107.69,107.68,108.52,104.37,17456400,2020-02-28
1,107.60,115.88,116.40,107.29,17074200,2020-03-02
1,116.08,112.91,117.53,112.34,11113600,2020-03-03
1,114.24,116.77,116.84,113.47,8208400,2020-03-04
1,114.40,115.92,117.25,113.91,8546100,2020-03-05
1,113.87,117.23,117.91,113.01,9803700,2020-03-06
1,113.82,117.16,120.63,112.73,19747800,2020-03-09
1,118.10,119.79,120.68,114.92,12599100,2020-03-10
1,117.51,114.43,119.03,112.80,10540000,2020-03-11
1,106.02,104.05,111.49,102.98,18774400,2020-03-12
1,108.24,114.10,114.59,103.88,14320700,2020-03-13
1,105.20,106.76,111.33,102.00,12251300,2020-03-16
1,112.77,119.26,119.27,110.46,17602000,2020-03-17
1,115.00,122.58,128.08,114.50,25785300,2020-03-18
1,124.46,119.45,127.00,117.63,19033500,2020-03-19
1,119.50,113.97,122.79,111.89,18474500,2020-03-20
1,114.17,114.28,117.54,112.21,13122000,2020-03-23
1,115.87,115.03,117.37,111.31,14235000,2020-03-24
1,112.97,109.40,114.00,108.05,17762500,2020-03-25
1,109.40,109.82,110.87,106.85,19416900,2020-03-26
1,110.11,109.58,112.28,108.60,12053500,2020-03-27
1,111.86,115.19,115.80,110.94,9737500,2020-03-30
1,114.31,113.62,116.19,112.64,8752800,2020-03-31
1,112.15,114.14,115.53,111.80,9423200,2020-04-01
1,113.18,118.65,119.11,112.34,9838500,2020-04-02
1,117.21,119.48,119.91,117.03,9541700,2020-04-03
1,119.06,126.07,126.39,118.94,15922900,2020-04-06
1,123.98,121.99,126.49,121.64,13789900,2020-04-07
1,123.69,121.84,123.81,120.59,9292200,2020-04-08
1,118.22,121.80,122.87,117.66,10942900,2020-04-09
1,121.27,125.30,125.67,121.17,8064700,2020-04-13
1,127.10,129.00,129.79,126.04,11366300,2020-04-14
1,129.00,128.76,129.88,127.12,7478400,2020-04-15
1,129.00,132.33,132.92,128.25,10627400,2020-04-16
1,131.48,132.12,132.97,129.73,10305100,2020-04-17
1,132.39,129.85,133.38,129.76,8133900,2020-04-20
1,130.07,129.21,131.03,128.16,9300200,2020-04-21
1,130.00,131.59,132.38,128.90,6482700,2020-04-22
1,129.85,128.53,131.09,127.73,9613300,2020-04-23
1,129.35,129.44,129.89,128.56,5781200,2020-04-24
1,130.00,128.30,130.31,128.17,5974600,2020-04-27
1,128.28,128.00,130.24,127.70,6910700,2020-04-28
1,125.57,123.60,125.76,122.55,14870700,2020-04-29
1,123.08,121.55,123.44,121.04,13499300,2020-04-30
1,121.48,122.92,123.69,120.78,10381300,2020-05-01
1,123.84,123.70,124.40,121.71,5935900,2020-05-04
1,123.80,124.73,125.26,123.26,6445800,2020-05-05
1,125.21,123.30,125.49,122.85,5769700,2020-05-06
1,123.46,121.89,123.98,121.50,9115200,2020-05-07
1,122.75,122.94,123.01,121.62,6943600,2020-05-08
1,123.04,123.67,124.31,123.01,8447300,2020-05-11
1,124.48,123.78,125.66,123.78,6366700,2020-05-12
1,123.50,123.71,126.24,123.09,9725100,2020-05-13
1,124.85,123.42,125.13,121.30,7411000,2020-05-14
1,123.47,125.94,125.94,123.09,10590000,2020-05-15
1,127.50,127.66,128.56,126.10,12877900,2020-05-18
1,131.75,124.95,131.99,124.81,24915400,2020-05-19
1,126.49,125.45,126.59,124.63,10748800,2020-05-20
1,124.89,124.99,126.14,124.25,7482700,2020-05-21
1,125.10,124.33,125.35,123.77,7453200,2020-05-22
1,124.34,123.86,125.51,123.63,7910200,2020-05-26
1,123.97,122.48,124.49,121.03,10357900,2020-05-27
1,123.72,123.69,124.95,123.16,8141600,2020-05-28
1,124.24,124.06,124.71,121.93,9770400,2020-05-29
1,123.44,123.96,124.41,122.36,6850100,2020-06-01
1,123.59,123.94,124.15,122.81,6395900,2020-06-02
1,123.90,123.47,123.99,122.66,6754300,2020-06-03
1,122.80,122.11,123.89,121.82,8005000,2020-06-04
1,122.57,121.56,122.68,119.91,13112400,2020-06-05
1,119.58,121.24,121.24,119.46,9448100,2020-06-08
1,121.60,121.35,122.00,120.56,6915400,2020-06-09
1,121.56,121.16,122.50,121.13,9380500,2020-06-10
1,120.99,120.09,122.58,119.48,11387600,2020-06-11
1,120.51,117.74,120.75,117.06,10786400,2020-06-12
1,118.40,118.08,118.68,117.01,10901100,2020-06-15
1,119.80,119.65,120.23,118.54,8389200,2020-06-16
1,119.86,119.03,120.13,118.40,6722300,2020-06-17
1,118.54,117.99,119.06,117.66,6690000,2020-06-18
1,118.89,119.85,120.30,117.75,13359600,2020-06-19
1,120.97,121.68,122.09,120.40,9112800,2020-06-22
1,122.75,121.07,122.85,120.96,6575900,2020-06-23
1,120.74,120.30,121.12,119.58,6871600,2020-06-24
1,119.76,119.71,120.16,118.38,6856600,2020-06-25
1,119.60,118.32,120.84,118.02,8997200,2020-06-26
1,118.50,119.06,119.68,118.22,5503800,2020-06-29
1,119.22,119.78,120.13,118.54,6836400,2020-06-30
1,119.45,119.69,119.92,118.66,6577900,2020-07-01
1,120.09,119.21,120.88,118.86,5898600,2020-07-02
1,119.80,118.89,119.87,118.22,7231700,2020-07-06
1,118.45,126.95,127.55,118.22,31152700,2020-07-07
1,128.00,124.44,128.13,124.40,17405700,2020-07-08
1,125.61,127.75,128.18,124.95,14257200,2020-07-09
1,128.74,130.68,131.37,127.26,14745600,2020-07-10
1,131.33,129.52,133.63,128.89,14112800,2020-07-13
1,129.28,132.01,132.50,129.03,8818600,2020-07-14
1,132.27,132.00,134.13,130.80,10577100,2020-07-15
1,132.05,132.20,132.73,131.24,5892200,2020-07-16
1,133.37,131.74,133.37,131.47,6063200,2020-07-17
1,131.96,131.47,132.74,131.14,6114200,2020-07-20
1,131.56,132.33,133.99,131.45,7237500,2020-07-21
1,132.57,132.66,133.03,131.19,5388200,2020-07-22
1,133.00,131.64,133.15,131.31,5598800,2020-07-23
1,130.95,131.24,132.40,130.51,4345800,2020-07-24
1,130.86,131.21,131.98,130.86,4681900,2020-07-27
1,131.50,131.76,132.38,130.92,4804700,2020-07-28
1,131.56,130.69,131.86,129.85,4741100,2020-07-29
1,129.42,130.12,130.42,128.72,4596100,2020-07-30
1,129.65,129.40,130.09,127.62,7210500,2020-07-31
1,129.91,129.30,130.12,128.27,4990500,2020-08-03
1,129.65,131.64,131.71,128.94,6073200,2020-08-04
1,130.45,129.81,130.75,128.83,8494500,2020-08-05
1,129.13,129.35,130.23,129.03,4832100,2020-08-06
1,129.58,129.97,130.46,129.11,5519500,2020-08-07
1,130.24,131.88,132.34,129.65,5894400,2020-08-10
1,132.59,130.20,132.87,129.73,8453400,2020-08-11
1,130.47,131.89,132.23,129.08,6364800,2020-08-12
1,131.21,131.85,131.96,130.73,6622400,2020-08-13
1,132.34,132.60,132.97,131.63,6702100,2020-08-14
1,134.35,135.60,136.13,133.85,13155000,2020-08-17
1,136.17,134.71,137.63,133.17,26744200,2020-08-18
1,134.21,132.41,134.66,131.85,12718400,2020-08-19
1,131.21,130.57,132.07,130.05,8936900,2020-08-20
1,130.55,131.63,132.67,130.10,8288000,2020-08-21
1,132.25,131.33,132.48,130.33,6604600,2020-08-24
1,130.80,130.63,131.24,129.67,7240800,2020-08-25
1,130.21,130.70,130.88,129.70,6271600,2020-08-26
1,131.08,136.63,139.35,130.90,39672900,2020-08-27
1,141.00,140.30,141.07,137.84,21350300,2020-08-28
1,137.48,138.85,138.89,135.53,15078800,2020-08-31
1,141.20,147.59,149.59,140.05,35599400,2020-09-01
1,151.25,147.68,151.33,145.61,17222000,2020-09-02
1,146.70,144.54,149.60,141.81,16005000,2020-09-03
1,144.02,142.83,145.04,140.10,11327400,2020-09-04
1,141.41,138.45,141.90,138.26,11322300,2020-09-08
1,140.09,139.89,142.61,139.45,11223000,2020-09-09
1,140.06,136.81,140.54,136.59,11236400,2020-09-10
1,137.05,136.70,138.44,135.55,9626600,2020-09-11
1,136.14,137.32,141.10,135.88,15244600,2020-09-14
1,138.23,137.36,139.08,136.68,10142600,2020-09-15
1,138.41,136.26,138.68,136.05,9286800,2020-09-16
1,135.43,136.69,137.57,135.02,12415000,2020-09-17
1,136.44,135.29,137.53,134.75,18236400,2020-09-18
1,136.50,137.07,137.24,135.29,15758500,2020-09-21
1,137.07,138.31,138.99,136.57,11034000,2020-09-22
1,139.00,135.99,139.24,135.82,7711100,2020-09-23
1,135.73,136.70,137.79,135.07,9817700,2020-09-24
1,136.52,137.27,137.54,135.96,7539600,2020-09-25
1,137.16,137.25,138.05,136.72,7065700,2020-09-28
1,137.25,137.14,138.14,136.39,9234300,2020-09-29
1,137.39,139.91,141.74,137.20,11608800,2020-09-30
1,140.80,143.08,144.38,140.26,14430300,2020-10-01
1,142.34,140.50,143.10,140.13,8195000,2020-10-02
1,141.29,141.80,142.19,141.07,4753000,2020-10-05
1,141.87,140.63,142.94,140.25,7158500,2020-10-06
1,141.26,140.89,141.55,140.25,5649700,2020-10-07
1,141.51,141.36,142.09,141.12,4892300,2020-10-08
1,141.66,142.78,143.34,141.56,4831600,2020-10-09
1,143.02,144.25,145.39,143.02,6134100,2020-10-12
1,144.68,146.23,146.60,144.36,7933400,2020-10-13
1,146.40,143.94,146.53,143.76,6570300,2020-10-14
1,143.09,144.53,144.96,142.84,4564200,2020-10-15
1,145.40,144.71,146.15,144.47,5645000,2020-10-16
1,145.10,142.95,145.37,142.75,4881100,2020-10-19
1,144.11,143.90,145.53,143.62,4841000,2020-10-20
1,143.84,144.40,145.73,143.84,4371400,2020-10-21
1,144.19,143.55,144.56,142.69,4448000,2020-10-22
1,143.97,143.85,144.14,142.85,3513500,2020-10-23
1,142.84,142.16,143.12,140.94,5370600,2020-10-26
1,142.05,142.87,143.70,141.97,3943700,2020-10-27
1,140.96,140.04,142.13,139.88,5616400,2020-10-28
1,140.00,139.92,141.11,138.70,5051300,2020-10-29
1,139.18,138.75,140.09,137.37,6200600,2020-10-30
1,140.59,140.40,140.81,139.03,5525200,2020-11-02
1,141.65,142.78,144.16,141.57,5137700,2020-11-03
1,141.57,141.96,144.39,141.34,5975800,2020-11-04
1,144.00,143.47,144.23,142.94,4734200,2020-11-05
1,144.36,145.77,146.22,143.55,5399500,2020-11-06
1,148.00,143.54,148.20,143.48,9399500,2020-11-09
1,143.75,145.56,146.44,143.53,6066400,2020-11-10
1,146.92,147.98,148.96,146.40,6268600,2020-11-11
1,148.48,148.23,148.71,147.10,4188100,2020-11-12
1,148.94,150.54,150.94,147.52,6579400,2020-11-13
1,150.53,152.44,153.40,149.28,11520100,2020-11-16
1,150.50,149.37,153.24,149.18,14237200,2020-11-17
1,149.86,149.09,151.67,149.05,8312300,2020-11-18
1,149.46,152.12,152.45,149.32,6196900,2020-11-19
1,151.17,150.24,152.76,149.81,7312400,2020-11-20
1,150.37,150.93,151.40,149.37,6185700,2020-11-23
1,151.74,151.36,151.98,150.27,5718400,2020-11-24
1,151.25,151.83,152.39,151.21,4611100,2020-11-25
1,152.15,151.60,152.72,151.10,3666500,2020-11-27
1,151.60,152.79,152.95,150.10,10898500,2020-11-30
1,153.60,152.64,153.66,151.66,7645100,2020-12-01
1,152.00,150.52,152.62,149.53,7849000,2020-12-02
1,150.28,149.30,150.28,148.39,8575300,2020-12-03
1,149.51,148.91,149.51,147.58,6963100,2020-12-04
1,148.46,148.11,148.99,147.16,6159700,2020-12-07
1,147.36,149.45,149.85,147.18,6905500,2020-12-08
1,150.00,148.27,150.00,147.89,6713200,2020-12-09
1,147.75,147.04,148.15,146.57,6884100,2020-12-10
1,146.92,147.00,147.51,145.94,5620300,2020-12-11
1,147.70,145.65,147.72,145.40,8362700,2020-12-14
1,145.52,145.58,146.36,144.86,10623800,2020-12-15
1,146.24,145.43,146.89,145.08,8550300,2020-12-16
1,146.06,146.10,146.44,145.15,10226500,2020-12-17
1,146.62,145.95,147.18,145.16,13794700,2020-12-18
1,145.50,145.97,146.67,145.06,8517700,2020-12-21
